County_name,TotalHousing10,Owners10,renters10,Name,STCO,CSA,CSA_name
Napa,54306,31996,17183,"Napa County, California",06055,488,"San Jose-San Francisco-Oakland, CA"
Orange,1042254,599032,385471,"Orange County, California",06059,348,"Los Angeles-Long Beach, CA"
San Benito,17873,10807,6005,"San Benito County, California",06069,488,"San Jose-San Francisco-Oakland, CA"
San Francisco,372560,126028,209928,"San Francisco County, California",06075,488,"San Jose-San Francisco-Oakland, CA"
San Joaquin,231114,131357,81548,"San Joaquin County, California",06077,488,"San Jose-San Francisco-Oakland, CA"
San Mateo,270039,156149,99609,"San Mateo County, California",06081,488,"San Jose-San Francisco-Oakland, CA"
Santa Clara,626325,353399,243348,"Santa Clara County, California",06085,488,"San Jose-San Francisco-Oakland, CA"
Santa Cruz,104002,55878,37924,"Santa Cruz County, California",06087,488,"San Jose-San Francisco-Oakland, CA"
Solano,151616,91447,47564,"Solano County, California",06095,488,"San Jose-San Francisco-Oakland, CA"
Sonoma,202668,114787,69246,"Sonoma County, California",06097,488,"San Jose-San Francisco-Oakland, CA"
Adams,161760,101137,46814,"Adams County, Colorado",08001,216,"Denver-Aurora, CO"
Arapahoe,234519,144347,74562,"Arapahoe County, Colorado",08005,216,"Denver-Aurora, CO"
Boulder,125768,75189,42440,"Boulder County, Colorado",08013,216,"Denver-Aurora, CO"
Broomfield,21394,14963,5153,"Broomfield County, Colorado",08014,216,"Denver-Aurora, CO"
Clear Creek,5632,3387,777,"Clear Creek County, Colorado",08019,216,"Denver-Aurora, CO"
Denver,281296,133552,120629,"Denver County, Colorado",08031,216,"Denver-Aurora, CO"
Douglas,103249,81496,17229,"Douglas County, Colorado",08035,216,"Denver-Aurora, CO"
Elbert,8824,7430,705,"Elbert County, Colorado",08039,216,"Denver-Aurora, CO"
Gilpin,3489,1817,713,"Gilpin County, Colorado",08047,216,"Denver-Aurora, CO"
Jefferson,228951,156081,60937,"Jefferson County, Colorado",08059,216,"Denver-Aurora, CO"
Park,13590,6218,852,"Park County, Colorado",08093,216,"Denver-Aurora, CO"
Weld,94434,62224,24552,"Weld County, Colorado",08123,216,"Denver-Aurora, CO"
Fairfield,358132,234419,97363,"Fairfield County, Connecticut",09001,408,"New York-Newark, NY-NJ-CT-PA"
Litchfield,86607,60345,16343,"Litchfield County, Connecticut",09005,408,"New York-Newark, NY-NJ-CT-PA"
New Haven,359509,216131,114654,"New Haven County, Connecticut",09009,408,"New York-Newark, NY-NJ-CT-PA"
Windham,48518,31366,12955,"Windham County, Connecticut",09015,148,"Boston-Worcester-Providence, MA-RI-NH-CT"
Kent,63563,41836,15560,"Kent County, Delaware",10001,428,"Philadelphia-Reading-Camden, PA-NJ-DE-MD"
New Castle,215821,141546,56953,"New Castle County, Delaware",10003,428,"Philadelphia-Reading-Camden, PA-NJ-DE-MD"
District of Columbia,293492,111879,145438,"District of Columbia, District of Columbia",11001,548,"Washington-Baltimore-Arlington, DC-MD-VA-WV-PA"
Broward,806858,463511,205387,"Broward County, Florida",12011,370,"Miami-Fort Lauderdale-Port St. Lucie, FL"
Indian River,75425,44186,13374,"Indian River County, Florida",12061,370,"Miami-Fort Lauderdale-Port St. Lucie, FL"
Martin,77490,47063,12140,"Martin County, Florida",12085,370,"Miami-Fort Lauderdale-Port St. Lucie, FL"
Miami-Dade,980580,480532,347024,"Miami-Dade County, Florida",12086,370,"Miami-Fort Lauderdale-Port St. Lucie, FL"
Okeechobee,18057,10461,3181,"Okeechobee County, Florida",12093,370,"Miami-Fort Lauderdale-Port St. Lucie, FL"
Palm Beach,657106,384995,138155,"Palm Beach County, Florida",12099,370,"Miami-Fort Lauderdale-Port St. Lucie, FL"
St. Lucie,134098,78340,24763,"St. Lucie County, Florida",12111,370,"Miami-Fort Lauderdale-Port St. Lucie, FL"
Barrow,25796,17669,5376,"Barrow County, Georgia",13013,122,"Atlanta--Athens-Clarke County--Sandy Springs, GA"
Bartow,38884,24825,9476,"Bartow County, Georgia",13015,122,"Atlanta--Athens-Clarke County--Sandy Springs, GA"
Butts,9272,5973,1816,"Butts County, Georgia",13035,122,"Atlanta--Athens-Clarke County--Sandy Springs, GA"
Carroll,44431,26806,12615,"Carroll County, Georgia",13045,122,"Atlanta--Athens-Clarke County--Sandy Springs, GA"
Cherokee,80182,59946,14393,"Cherokee County, Georgia",13057,122,"Atlanta--Athens-Clarke County--Sandy Springs, GA"
Clarke,50693,19258,22722,"Clarke County, Georgia",13059,122,"Atlanta--Athens-Clarke County--Sandy Springs, GA"
Clayton,104199,51088,35458,"Clayton County, Georgia",13063,122,"Atlanta--Athens-Clarke County--Sandy Springs, GA"
Cobb,283198,178606,78135,"Cobb County, Georgia",13067,122,"Atlanta--Athens-Clarke County--Sandy Springs, GA"
Coweta,48475,33461,10676,"Coweta County, Georgia",13077,122,"Atlanta--Athens-Clarke County--Sandy Springs, GA"
Dawson,10151,6438,1725,"Dawson County, Georgia",13085,122,"Atlanta--Athens-Clarke County--Sandy Springs, GA"
DeKalb,301996,155105,109732,"DeKalb County, Georgia",13089,122,"Atlanta--Athens-Clarke County--Sandy Springs, GA"
Douglas,50276,31977,12770,"Douglas County, Georgia",13097,122,"Atlanta--Athens-Clarke County--Sandy Springs, GA"
Fayette,40205,31833,5850,"Fayette County, Georgia",13113,122,"Atlanta--Athens-Clarke County--Sandy Springs, GA"
Forsyth,61053,48070,7310,"Forsyth County, Georgia",13117,122,"Atlanta--Athens-Clarke County--Sandy Springs, GA"
Fulton,430124,200119,157344,"Fulton County, Georgia",13121,122,"Atlanta--Athens-Clarke County--Sandy Springs, GA"
Gordon,21813,13285,5944,"Gordon County, Georgia",13129,122,"Atlanta--Athens-Clarke County--Sandy Springs, GA"
Gwinnett,286599,187819,72556,"Gwinnett County, Georgia",13135,122,"Atlanta--Athens-Clarke County--Sandy Springs, GA"
Hall,66911,41502,18671,"Hall County, Georgia",13139,122,"Atlanta--Athens-Clarke County--Sandy Springs, GA"
Haralson,12199,7779,2800,"Haralson County, Georgia",13143,122,"Atlanta--Athens-Clarke County--Sandy Springs, GA"
Heard,5101,3159,1128,"Heard County, Georgia",13149,122,"Atlanta--Athens-Clarke County--Sandy Springs, GA"
Henry,74126,53165,13162,"Henry County, Georgia",13151,122,"Atlanta--Athens-Clarke County--Sandy Springs, GA"
Jackson,23306,15736,5181,"Jackson County, Georgia",13157,122,"Atlanta--Athens-Clarke County--Sandy Springs, GA"
Jasper,6073,3522,1476,"Jasper County, Georgia",13159,122,"Atlanta--Athens-Clarke County--Sandy Springs, GA"
Lamar,7371,4244,2133,"Lamar County, Georgia",13171,122,"Atlanta--Athens-Clarke County--Sandy Springs, GA"
Madison,11674,7246,2184,"Madison County, Georgia",13195,122,"Atlanta--Athens-Clarke County--Sandy Springs, GA"
Meriwether,9993,6125,2328,"Meriwether County, Georgia",13199,122,"Atlanta--Athens-Clarke County--Sandy Springs, GA"
Morgan,7404,4887,1642,"Morgan County, Georgia",13211,122,"Atlanta--Athens-Clarke County--Sandy Springs, GA"
Newton,37524,25501,8035,"Newton County, Georgia",13217,122,"Atlanta--Athens-Clarke County--Sandy Springs, GA"
Oconee,12134,9225,1930,"Oconee County, Georgia",13219,122,"Atlanta--Athens-Clarke County--Sandy Springs, GA"
Oglethorpe,6356,3765,936,"Oglethorpe County, Georgia",13221,122,"Atlanta--Athens-Clarke County--Sandy Springs, GA"
Paulding,50439,37894,8546,"Paulding County, Georgia",13223,122,"Atlanta--Athens-Clarke County--Sandy Springs, GA"
Pickens,13585,9059,2209,"Pickens County, Georgia",13227,122,"Atlanta--Athens-Clarke County--Sandy Springs, GA"
Pike,6659,4953,1004,"Pike County, Georgia",13231,122,"Atlanta--Athens-Clarke County--Sandy Springs, GA"
Polk,16822,10310,4313,"Polk County, Georgia",13233,122,"Atlanta--Athens-Clarke County--Sandy Springs, GA"
Rockdale,32514,19673,8888,"Rockdale County, Georgia",13247,122,"Atlanta--Athens-Clarke County--Sandy Springs, GA"
Spalding,26435,14917,8188,"Spalding County, Georgia",13255,122,"Atlanta--Athens-Clarke County--Sandy Springs, GA"
Troup,27478,15389,8301,"Troup County, Georgia",13285,122,"Atlanta--Athens-Clarke County--Sandy Springs, GA"
Upson,12188,7334,3168,"Upson County, Georgia",13293,122,"Atlanta--Athens-Clarke County--Sandy Springs, GA"
Walton,31898,22161,6986,"Walton County, Georgia",13297,122,"Atlanta--Athens-Clarke County--Sandy Springs, GA"
Alameda,577538,293277,238749,"Alameda County, California",06001,488,"San Jose-San Francisco-Oakland, CA"
Contra Costa,396782,255807,112280,"Contra Costa County, California",06013,488,"San Jose-San Francisco-Oakland, CA"
Los Angeles,3425736,1552091,1665798,"Los Angeles County, California",06037,348,"Los Angeles-Long Beach, CA"
Marin,110530,65720,37007,"Marin County, California",06041,488,"San Jose-San Francisco-Oakland, CA"
Jasper,12979,9633,2597,"Jasper County, Indiana",18073,176,"Chicago-Naperville, IL-IN-WI"
Lake,207975,129759,53193,"Lake County, Indiana",18089,176,"Chicago-Naperville, IL-IN-WI"
LaPorte,48308,31751,10339,"LaPorte County, Indiana",18091,176,"Chicago-Naperville, IL-IN-WI"
Newton,6041,4462,984,"Newton County, Indiana",18111,176,"Chicago-Naperville, IL-IN-WI"
Porter,65607,47833,13537,"Porter County, Indiana",18127,176,"Chicago-Naperville, IL-IN-WI"
Anne Arundel,209626,148426,47573,"Anne Arundel County, Maryland",24003,548,"Washington-Baltimore-Arlington, DC-MD-VA-WV-PA"
Baltimore,333175,211526,104016,"Baltimore County, Maryland",24005,548,"Washington-Baltimore-Arlington, DC-MD-VA-WV-PA"
Calvert,33220,25754,4559,"Calvert County, Maryland",24009,548,"Washington-Baltimore-Arlington, DC-MD-VA-WV-PA"
Carroll,62027,49854,9558,"Carroll County, Maryland",24013,548,"Washington-Baltimore-Arlington, DC-MD-VA-WV-PA"
Cecil,40529,27046,9136,"Cecil County, Maryland",24015,428,"Philadelphia-Reading-Camden, PA-NJ-DE-MD"
Charles,53586,40454,9444,"Charles County, Maryland",24017,548,"Washington-Baltimore-Arlington, DC-MD-VA-WV-PA"
Dorchester,16347,9496,3851,"Dorchester County, Maryland",24019,548,"Washington-Baltimore-Arlington, DC-MD-VA-WV-PA"
Frederick,88435,64112,19343,"Frederick County, Maryland",24021,548,"Washington-Baltimore-Arlington, DC-MD-VA-WV-PA"
Harford,94798,72944,16477,"Harford County, Maryland",24025,548,"Washington-Baltimore-Arlington, DC-MD-VA-WV-PA"
Howard,106927,76443,25828,"Howard County, Maryland",24027,548,"Washington-Baltimore-Arlington, DC-MD-VA-WV-PA"
Montgomery,371761,244815,108362,"Montgomery County, Maryland",24031,548,"Washington-Baltimore-Arlington, DC-MD-VA-WV-PA"
Prince George's,325165,194047,107859,"Prince George's County, Maryland",24033,548,"Washington-Baltimore-Arlington, DC-MD-VA-WV-PA"
Queen Anne's,19824,14580,2608,"Queen Anne's County, Maryland",24035,548,"Washington-Baltimore-Arlington, DC-MD-VA-WV-PA"
St. Mary's,40541,26418,9835,"St. Mary's County, Maryland",24037,548,"Washington-Baltimore-Arlington, DC-MD-VA-WV-PA"
Talbot,19257,11886,3717,"Talbot County, Maryland",24041,548,"Washington-Baltimore-Arlington, DC-MD-VA-WV-PA"
Washington,60460,36741,18678,"Washington County, Maryland",24043,548,"Washington-Baltimore-Arlington, DC-MD-VA-WV-PA"
Baltimore,296615,118655,119737,"Baltimore city, Maryland",24510,548,"Washington-Baltimore-Arlington, DC-MD-VA-WV-PA"
Barnstable,158838,78880,19284,"Barnstable County, Massachusetts",25001,148,"Boston-Worcester-Providence, MA-RI-NH-CT"
Bristol,229272,135015,75774,"Bristol County, Massachusetts",25005,148,"Boston-Worcester-Providence, MA-RI-NH-CT"
Essex,304902,185135,97778,"Essex County, Massachusetts",25009,148,"Boston-Worcester-Providence, MA-RI-NH-CT"
Middlesex,607199,366303,206544,"Middlesex County, Massachusetts",25017,148,"Boston-Worcester-Providence, MA-RI-NH-CT"
Norfolk,268057,179764,75416,"Norfolk County, Massachusetts",25021,148,"Boston-Worcester-Providence, MA-RI-NH-CT"
Plymouth,198046,139396,39587,"Plymouth County, Massachusetts",25023,148,"Boston-Worcester-Providence, MA-RI-NH-CT"
Suffolk,311894,103662,180292,"Suffolk County, Massachusetts",25025,148,"Boston-Worcester-Providence, MA-RI-NH-CT"
Worcester,323907,201656,96506,"Worcester County, Massachusetts",25027,148,"Boston-Worcester-Providence, MA-RI-NH-CT"
Genesee,193359,121352,47632,"Genesee County, Michigan",26049,220,"Detroit-Warren-Ann Arbor, MI"
Lapeer,36254,27788,5149,"Lapeer County, Michigan",26087,220,"Detroit-Warren-Ann Arbor, MI"
Lenawee,43331,30198,7633,"Lenawee County, Michigan",26091,220,"Detroit-Warren-Ann Arbor, MI"
Livingston,72551,58636,8629,"Livingston County, Michigan",26093,220,"Detroit-Warren-Ann Arbor, MI"
Macomb,355527,261291,69031,"Macomb County, Michigan",26099,220,"Detroit-Warren-Ann Arbor, MI"
Monroe,62930,47048,11250,"Monroe County, Michigan",26115,220,"Detroit-Warren-Ann Arbor, MI"
Oakland,526693,358624,122416,"Oakland County, Michigan",26125,220,"Detroit-Warren-Ann Arbor, MI"
St. Clair,72027,50968,13638,"St. Clair County, Michigan",26147,220,"Detroit-Warren-Ann Arbor, MI"
Washtenaw,147269,84487,49674,"Washtenaw County, Michigan",26161,220,"Detroit-Warren-Ann Arbor, MI"
Wayne,826328,464603,226340,"Wayne County, Michigan",26163,220,"Detroit-Warren-Ann Arbor, MI"
Anoka,125525,99496,20530,"Anoka County, Minnesota",27003,378,"Minneapolis-St. Paul, MN-WI"
Benton,16066,10583,4403,"Benton County, Minnesota",27009,378,"Minneapolis-St. Paul, MN-WI"
Carver,33831,26912,5290,"Carver County, Minnesota",27019,378,"Minneapolis-St. Paul, MN-WI"
Chisago,20700,16733,2595,"Chisago County, Minnesota",27025,378,"Minneapolis-St. Paul, MN-WI"
Dakota,157868,118257,32865,"Dakota County, Minnesota",27037,378,"Minneapolis-St. Paul, MN-WI"
Goodhue,20240,14750,4008,"Goodhue County, Minnesota",27049,378,"Minneapolis-St. Paul, MN-WI"
Hennepin,506940,308814,165042,"Hennepin County, Minnesota",27053,378,"Minneapolis-St. Paul, MN-WI"
Isanti,15273,11632,2356,"Isanti County, Minnesota",27059,378,"Minneapolis-St. Paul, MN-WI"
Le Sueur,12356,9017,1741,"Le Sueur County, Minnesota",27079,378,"Minneapolis-St. Paul, MN-WI"
McLeod,15726,11586,2924,"McLeod County, Minnesota",27085,378,"Minneapolis-St. Paul, MN-WI"
Mille Lacs,12604,8158,2380,"Mille Lacs County, Minnesota",27095,378,"Minneapolis-St. Paul, MN-WI"
Ramsey,216802,126570,76812,"Ramsey County, Minnesota",27123,378,"Minneapolis-St. Paul, MN-WI"
Rice,24151,17123,5090,"Rice County, Minnesota",27131,378,"Minneapolis-St. Paul, MN-WI"
Scott,46211,37937,5877,"Scott County, Minnesota",27139,378,"Minneapolis-St. Paul, MN-WI"
Sherburne,32006,24929,4295,"Sherburne County, Minnesota",27141,378,"Minneapolis-St. Paul, MN-WI"
Sibley,6556,5009,1108,"Sibley County, Minnesota",27143,378,"Minneapolis-St. Paul, MN-WI"
Stearns,61008,41118,15247,"Stearns County, Minnesota",27145,378,"Minneapolis-St. Paul, MN-WI"
Washington,90719,72835,13480,"Washington County, Minnesota",27163,378,"Minneapolis-St. Paul, MN-WI"
Wright,48213,37815,6598,"Wright County, Minnesota",27171,378,"Minneapolis-St. Paul, MN-WI"
Bureau,15686,10959,3621,"Bureau County, Illinois",17011,176,"Chicago-Naperville, IL-IN-WI"
DeKalb,40297,23723,14102,"DeKalb County, Illinois",17037,176,"Chicago-Naperville, IL-IN-WI"
DuPage,355804,255354,80099,"DuPage County, Illinois",17043,176,"Chicago-Naperville, IL-IN-WI"
Grundy,19496,13794,4167,"Grundy County, Illinois",17063,176,"Chicago-Naperville, IL-IN-WI"
Kane,178651,131189,37791,"Kane County, Illinois",17089,176,"Chicago-Naperville, IL-IN-WI"
Kankakee,44849,28417,12526,"Kankakee County, Illinois",17091,176,"Chicago-Naperville, IL-IN-WI"
Kendall,37822,30614,5073,"Kendall County, Illinois",17093,176,"Chicago-Naperville, IL-IN-WI"
Lake,257971,187452,51794,"Lake County, Illinois",17097,176,"Chicago-Naperville, IL-IN-WI"
LaSalle,49766,34593,10733,"LaSalle County, Illinois",17099,176,"Chicago-Naperville, IL-IN-WI"
McHenry,114791,90930,17176,"McHenry County, Illinois",17111,176,"Chicago-Naperville, IL-IN-WI"
Putnam,3071,2026,509,"Putnam County, Illinois",17155,176,"Chicago-Naperville, IL-IN-WI"
Will,233921,187125,33010,"Will County, Illinois",17197,176,"Chicago-Naperville, IL-IN-WI"
Bryan,19079,10678,5382,"Bryan County, Oklahoma",40013,206,"Dallas-Fort Worth, TX-OK"
Berks,163574,112068,41239,"Berks County, Pennsylvania",42011,428,"Philadelphia-Reading-Camden, PA-NJ-DE-MD"
Bucks,244251,180092,49460,"Bucks County, Pennsylvania",42017,428,"Philadelphia-Reading-Camden, PA-NJ-DE-MD"
Chester,189259,139743,41393,"Chester County, Pennsylvania",42029,428,"Philadelphia-Reading-Camden, PA-NJ-DE-MD"
Delaware,222545,148298,58244,"Delaware County, Pennsylvania",42045,428,"Philadelphia-Reading-Camden, PA-NJ-DE-MD"
Franklin,61830,43298,14992,"Franklin County, Pennsylvania",42055,548,"Washington-Baltimore-Arlington, DC-MD-VA-WV-PA"
Montgomery,322452,227627,79034,"Montgomery County, Pennsylvania",42091,428,"Philadelphia-Reading-Camden, PA-NJ-DE-MD"
Philadelphia,668944,317755,256733,"Philadelphia County, Pennsylvania",42101,428,"Philadelphia-Reading-Camden, PA-NJ-DE-MD"
Bristol,20704,13863,5373,"Bristol County, Rhode Island",44001,148,"Boston-Worcester-Providence, MA-RI-NH-CT"
Kent,73406,50970,18139,"Kent County, Rhode Island",44003,148,"Boston-Worcester-Providence, MA-RI-NH-CT"
Newport,41539,22127,12644,"Newport County, Rhode Island",44005,148,"Boston-Worcester-Providence, MA-RI-NH-CT"
Providence,263448,132204,105855,"Providence County, Rhode Island",44007,148,"Boston-Worcester-Providence, MA-RI-NH-CT"
Washington,61637,37381,11749,"Washington County, Rhode Island",44009,148,"Boston-Worcester-Providence, MA-RI-NH-CT"
Belknap,36796,19173,5769,"Belknap County, New Hampshire",33001,148,"Boston-Worcester-Providence, MA-RI-NH-CT"
Hillsborough,164603,105611,47509,"Hillsborough County, New Hampshire",33011,148,"Boston-Worcester-Providence, MA-RI-NH-CT"
Merrimack,62883,41020,15928,"Merrimack County, New Hampshire",33013,148,"Boston-Worcester-Providence, MA-RI-NH-CT"
Rockingham,125410,90156,24566,"Rockingham County, New Hampshire",33015,148,"Boston-Worcester-Providence, MA-RI-NH-CT"
Strafford,51074,31280,15296,"Strafford County, New Hampshire",33017,148,"Boston-Worcester-Providence, MA-RI-NH-CT"
Atlantic,125826,71885,29760,"Atlantic County, New Jersey",34001,428,"Philadelphia-Reading-Camden, PA-NJ-DE-MD"
Bergen,351122,225252,108622,"Bergen County, New Jersey",34003,408,"New York-Newark, NY-NJ-CT-PA"
Burlington,174382,130578,34706,"Burlington County, New Jersey",34005,428,"Philadelphia-Reading-Camden, PA-NJ-DE-MD"
Camden,204435,132908,57762,"Camden County, New Jersey",34007,428,"Philadelphia-Reading-Camden, PA-NJ-DE-MD"
Cape May,98394,33769,11651,"Cape May County, New Jersey",34009,428,"Philadelphia-Reading-Camden, PA-NJ-DE-MD"
Cumberland,55406,34261,16564,"Cumberland County, New Jersey",34011,428,"Philadelphia-Reading-Camden, PA-NJ-DE-MD"
Essex,311738,130969,146457,"Essex County, New Jersey",34013,408,"New York-Newark, NY-NJ-CT-PA"
Gloucester,108337,83046,19586,"Gloucester County, New Jersey",34015,428,"Philadelphia-Reading-Camden, PA-NJ-DE-MD"
Hudson,264844,81643,156083,"Hudson County, New Jersey",34017,408,"New York-Newark, NY-NJ-CT-PA"
Hunterdon,49159,40367,6815,"Hunterdon County, New Jersey",34019,408,"New York-Newark, NY-NJ-CT-PA"
Mercer,142377,87700,41513,"Mercer County, New Jersey",34021,408,"New York-Newark, NY-NJ-CT-PA"
Middlesex,292495,185819,91579,"Middlesex County, New Jersey",34023,408,"New York-Newark, NY-NJ-CT-PA"
Monmouth,256504,176366,56147,"Monmouth County, New Jersey",34025,408,"New York-Newark, NY-NJ-CT-PA"
Morris,188329,136806,41832,"Morris County, New Jersey",34027,408,"New York-Newark, NY-NJ-CT-PA"
Ocean,275793,183327,39069,"Ocean County, New Jersey",34029,408,"New York-Newark, NY-NJ-CT-PA"
Passaic,175223,89195,72233,"Passaic County, New Jersey",34031,408,"New York-Newark, NY-NJ-CT-PA"
Salem,27293,18649,6468,"Salem County, New Jersey",34033,428,"Philadelphia-Reading-Camden, PA-NJ-DE-MD"
Somerset,122244,91186,23245,"Somerset County, New Jersey",34035,408,"New York-Newark, NY-NJ-CT-PA"
Sussex,61567,47360,8482,"Sussex County, New Jersey",34037,408,"New York-Newark, NY-NJ-CT-PA"
Union,198668,113665,71143,"Union County, New Jersey",34039,408,"New York-Newark, NY-NJ-CT-PA"
Warren,44897,31528,10073,"Warren County, New Jersey",34041,408,"New York-Newark, NY-NJ-CT-PA"
Bronx,509665,97786,374678,"Bronx County, New York",36005,408,"New York-Newark, NY-NJ-CT-PA"
Dutchess,116946,75478,31474,"Dutchess County, New York",36027,408,"New York-Newark, NY-NJ-CT-PA"
Kings,986482,274203,629788,"Kings County, New York",36047,408,"New York-Newark, NY-NJ-CT-PA"
Nassau,466721,363366,79467,"Nassau County, New York",36059,408,"New York-Newark, NY-NJ-CT-PA"
New York,839013,167031,565173,"New York County, New York",36061,408,"New York-Newark, NY-NJ-CT-PA"
Orange,135562,88633,35746,"Orange County, New York",36071,408,"New York-Newark, NY-NJ-CT-PA"
Putnam,37881,29543,5364,"Putnam County, New York",36079,408,"New York-Newark, NY-NJ-CT-PA"
Queens,832357,352110,422201,"Queens County, New York",36081,408,"New York-Newark, NY-NJ-CT-PA"
Richmond,175907,115527,48752,"Richmond County, New York",36085,408,"New York-Newark, NY-NJ-CT-PA"
Rockland,102533,69300,28257,"Rockland County, New York",36087,408,"New York-Newark, NY-NJ-CT-PA"
Suffolk,564684,403093,92196,"Suffolk County, New York",36103,408,"New York-Newark, NY-NJ-CT-PA"
Sullivan,48675,20073,9649,"Sullivan County, New York",36105,408,"New York-Newark, NY-NJ-CT-PA"
Ulster,83007,49203,21488,"Ulster County, New York",36111,408,"New York-Newark, NY-NJ-CT-PA"
Westchester,368498,216753,129042,"Westchester County, New York",36119,408,"New York-Newark, NY-NJ-CT-PA"
Harris,1556374,793400,578763,"Harris County, Texas",48201,288,"Houston-The Woodlands, TX"
Henderson,39193,23678,6862,"Henderson County, Texas",48213,206,"Dallas-Fort Worth, TX-OK"
Hood,23888,15880,4360,"Hood County, Texas",48221,206,"Dallas-Fort Worth, TX-OK"
Hopkins,14945,9280,3765,"Hopkins County, Texas",48223,206,"Dallas-Fort Worth, TX-OK"
Hunt,36134,21412,8979,"Hunt County, Texas",48231,206,"Dallas-Fort Worth, TX-OK"
Johnson,55026,38608,11817,"Johnson County, Texas",48251,206,"Dallas-Fort Worth, TX-OK"
Kaufman,36620,25697,7434,"Kaufman County, Texas",48257,206,"Dallas-Fort Worth, TX-OK"
Liberty,28449,18971,5063,"Liberty County, Texas",48291,288,"Houston-The Woodlands, TX"
Matagorda,18834,9877,3909,"Matagorda County, Texas",48321,288,"Houston-The Woodlands, TX"
Montgomery,167390,113868,36678,"Montgomery County, Texas",48339,288,"Houston-The Woodlands, TX"
Navarro,20004,12381,4932,"Navarro County, Texas",48349,206,"Dallas-Fort Worth, TX-OK"
Palo Pinto,15056,7180,3333,"Palo Pinto County, Texas",48363,206,"Dallas-Fort Worth, TX-OK"
Parker,44324,32502,7987,"Parker County, Texas",48367,206,"Dallas-Fort Worth, TX-OK"
Rockwall,26351,20906,3884,"Rockwall County, Texas",48397,206,"Dallas-Fort Worth, TX-OK"
Somervell,3502,2251,672,"Somervell County, Texas",48425,206,"Dallas-Fort Worth, TX-OK"
Tarrant,696556,400711,231807,"Tarrant County, Texas",48439,206,"Dallas-Fort Worth, TX-OK"
Trinity,8661,4156,968,"Trinity County, Texas",48455,288,"Houston-The Woodlands, TX"
Walker,23608,11534,8368,"Walker County, Texas",48471,288,"Houston-The Woodlands, TX"
Waller,15329,9256,4243,"Waller County, Texas",48473,288,"Houston-The Woodlands, TX"
Washington,15130,8916,3939,"Washington County, Texas",48477,288,"Houston-The Woodlands, TX"
Wharton,17089,10261,4547,"Wharton County, Texas",48481,288,"Houston-The Woodlands, TX"
Wise,23118,15967,3745,"Wise County, Texas",48497,206,"Dallas-Fort Worth, TX-OK"
Arlington,102156,43168,48724,"Arlington County, Virginia",51013,548,"Washington-Baltimore-Arlington, DC-MD-VA-WV-PA"
Clarke,6185,4195,1340,"Clarke County, Virginia",51043,548,"Washington-Baltimore-Arlington, DC-MD-VA-WV-PA"
Culpeper,17446,11498,4336,"Culpeper County, Virginia",51047,548,"Washington-Baltimore-Arlington, DC-MD-VA-WV-PA"
Fairfax,404109,274448,107320,"Fairfax County, Virginia",51059,548,"Washington-Baltimore-Arlington, DC-MD-VA-WV-PA"
Fauquier,25408,17633,4736,"Fauquier County, Virginia",51061,548,"Washington-Baltimore-Arlington, DC-MD-VA-WV-PA"
Frederick,30472,22495,6063,"Frederick County, Virginia",51069,548,"Washington-Baltimore-Arlington, DC-MD-VA-WV-PA"
Loudoun,104906,77022,18308,"Loudoun County, Virginia",51107,548,"Washington-Baltimore-Arlington, DC-MD-VA-WV-PA"
Prince William,133878,93372,31507,"Prince William County, Virginia",51153,548,"Washington-Baltimore-Arlington, DC-MD-VA-WV-PA"
Rappahannock,3771,2294,869,"Rappahannock County, Virginia",51157,548,"Washington-Baltimore-Arlington, DC-MD-VA-WV-PA"
Spotsylvania,44644,32759,8250,"Spotsylvania County, Virginia",51177,548,"Washington-Baltimore-Arlington, DC-MD-VA-WV-PA"
Stafford,43093,31502,8681,"Stafford County, Virginia",51179,548,"Washington-Baltimore-Arlington, DC-MD-VA-WV-PA"
Warren,15755,10591,3569,"Warren County, Virginia",51187,548,"Washington-Baltimore-Arlington, DC-MD-VA-WV-PA"
Alexandria,71537,29103,34635,"Alexandria city, Virginia",51510,548,"Washington-Baltimore-Arlington, DC-MD-VA-WV-PA"
Fairfax,8670,6148,2376,"Fairfax city, Virginia",51600,548,"Washington-Baltimore-Arlington, DC-MD-VA-WV-PA"
Falls Church,5342,3006,1700,"Falls Church city, Virginia",51610,548,"Washington-Baltimore-Arlington, DC-MD-VA-WV-PA"
Fredericksburg,10167,3592,5614,"Fredericksburg city, Virginia",51630,548,"Washington-Baltimore-Arlington, DC-MD-VA-WV-PA"
Manassas,13024,8003,3729,"Manassas city, Virginia",51683,548,"Washington-Baltimore-Arlington, DC-MD-VA-WV-PA"
Manassas Park,4806,2993,1213,"Manassas Park city, Virginia",51685,548,"Washington-Baltimore-Arlington, DC-MD-VA-WV-PA"
Winchester,11792,5173,5048,"Winchester city, Virginia",51840,548,"Washington-Baltimore-Arlington, DC-MD-VA-WV-PA"
Island,39225,24364,8612,"Island County, Washington",53029,500,"Seattle-Tacoma, WA"
King,835564,468539,313438,"King County, Washington",53033,500,"Seattle-Tacoma, WA"
Kitsap,105342,65529,30229,"Kitsap County, Washington",53035,500,"Seattle-Tacoma, WA"
Lewis,33299,21146,8144,"Lewis County, Washington",53041,500,"Seattle-Tacoma, WA"
Mason,31527,17632,4176,"Mason County, Washington",53045,500,"Seattle-Tacoma, WA"
Pierce,320424,187140,108414,"Pierce County, Washington",53053,500,"Seattle-Tacoma, WA"
Skagit,50393,31709,13544,"Skagit County, Washington",53057,500,"Seattle-Tacoma, WA"
Snohomish,281161,179763,84168,"Snohomish County, Washington",53061,500,"Seattle-Tacoma, WA"
Thurston,104751,66350,32141,"Thurston County, Washington",53067,500,"Seattle-Tacoma, WA"
Berkeley,43469,29297,9433,"Berkeley County, West Virginia",54003,548,"Washington-Baltimore-Arlington, DC-MD-VA-WV-PA"
Hampshire,13339,6594,3161,"Hampshire County, West Virginia",54027,548,"Washington-Baltimore-Arlington, DC-MD-VA-WV-PA"
Jefferson,21608,14903,4261,"Jefferson County, West Virginia",54037,548,"Washington-Baltimore-Arlington, DC-MD-VA-WV-PA"
Kenosha,68650,42294,19932,"Kenosha County, Wisconsin",55059,176,"Chicago-Naperville, IL-IN-WI"
Pierce,15928,11361,3456,"Pierce County, Wisconsin",55093,378,"Minneapolis-St. Paul, MN-WI"
St. Croix,33495,24771,7053,"St. Croix County, Wisconsin",55109,378,"Minneapolis-St. Paul, MN-WI"
Austin,12469,8093,2354,"Austin County, Texas",48015,288,"Houston-The Woodlands, TX"
Brazoria,114533,77062,24594,"Brazoria County, Texas",48039,288,"Houston-The Woodlands, TX"
Chambers,12883,9554,1526,"Chambers County, Texas",48071,288,"Houston-The Woodlands, TX"
Collin,287263,189724,78318,"Collin County, Texas",48085,206,"Dallas-Fort Worth, TX-OK"
Cooke,16406,10228,4319,"Cooke County, Texas",48097,206,"Dallas-Fort Worth, TX-OK"
Dallas,932072,454958,377402,"Dallas County, Texas",48113,206,"Dallas-Fort Worth, TX-OK"
Denton,242641,148766,76074,"Denton County, Texas",48121,206,"Dallas-Fort Worth, TX-OK"
Ellis,52436,36986,11517,"Ellis County, Texas",48139,206,"Dallas-Fort Worth, TX-OK"
Fort Bend,178626,135409,32211,"Fort Bend County, Texas",48157,288,"Houston-The Woodlands, TX"
Galveston,130158,74086,32531,"Galveston County, Texas",48167,288,"Houston-The Woodlands, TX"
Grayson,53103,32076,13469,"Grayson County, Texas",48181,206,"Dallas-Fort Worth, TX-OK"
